Age,CareType,LengthOfStay,BaseCostPerHour,DaysVisitsPerYear
19,Vaccination,1,25,1
22,Rehabilitation,2,75,12
12,Routine Checkup,1,40,2
21,Emergency,6,120,1
17,Rehabilitation,3,75,8
24,Vaccination,1,25,2
15,Routine Checkup,2,40,1
20,Rehabilitation,4,75,10
23,Outpatient,3,60,3
18,Vaccination,1,25,1
10,Routine Checkup,1,40,2
25,Rehabilitation,2,75,6
21,Vaccination,1,25,1
16,Emergency,5,120,1
22,Routine Checkup,2,40,3
19,Rehabilitation,3,75,9
20,Vaccination,1,25,2
14,Routine Checkup,1,40,1
23,Emergency,4,120,2
18,Rehabilitation,2,75,10
21,Outpatient,2,60,4
25,Vaccination,1,25,1
13,Routine Checkup,1,40,2
22,Rehabilitation,4,75,8
19,Vaccination,1,25,2
17,Emergency,3,120,1
24,Routine Checkup,2,40,2
20,Rehabilitation,3,75,11
21,Vaccination,1,25,1
16,Outpatient,3,60,3
23,Rehabilitation,2,75,7
18,Routine Checkup,1,40,2
22,Vaccination,1,25,2
19,Emergency,5,120,1
25,Rehabilitation,4,75,6
15,Vaccination,1,25,1
21,Routine Checkup,2,40,3
20,Rehabilitation,2,75,9
17,Outpatient,3,60,2
24,Vaccination,1,25,2
18,Emergency,6,120,1
22,Rehabilitation,3,75,10
19,Routine Checkup,1,40,2
23,Vaccination,1,25,1
21,Rehabilitation,2,75,8
16,Routine Checkup,2,40,1
25,Outpatient,4,60,3
20,Vaccination,1,25,2
18,Rehabilitation,3,75,12
22,Emergency,4,120,1
19,Routine Checkup,1,40,2
24,Rehabilitation,2,75,6
21,Vaccination,1,25,1
17,Outpatient,2,60,4
23,Rehabilitation,4,75,9
20,Routine Checkup,1,40,3
18,Vaccination,1,25,2
22,Emergency,5,120,2
25,Rehabilitation,3,75,7
19,Vaccination,1,25,1
21,Routine Checkup,2,40,2
16,Rehabilitation,2,75,8
24,Outpatient,3,60,3
20,Vaccination,1,25,2
18,Emergency,3,120,1
23,Rehabilitation,4,75,10
22,Routine Checkup,1,40,2
19,Vaccination,1,25,1
25,Rehabilitation,2,75,5
21,Outpatient,2,60,4
17,Vaccination,1,25,2
20,Emergency,6,120,1
24,Rehabilitation,3,75,8
18,Routine Checkup,1,40,3
22,Vaccination,1,25,1
19,Rehabilitation,4,75,11
23,Outpatient,3,60,2
21,Vaccination,1,25,2
25,Emergency,4,120,1
18,Routine Checkup,2,40,2
20,Rehabilitation,2,75,9
22,Vaccination,1,25,1
19,Outpatient,2,60,3
24,Rehabilitation,3,75,7
21,Routine Checkup,1,40,2
17,Vaccination,1,25,2
23,Emergency,5,120,1
20,Rehabilitation,4,75,10
18,Vaccination,1,25,1
22,Outpatient,3,60,4
25,Rehabilitation,2,75,6
19,Routine Checkup,1,40,3
21,Vaccination,1,25,2
24,Emergency,3,120,2
18,Rehabilitation,3,75,8
20,Routine Checkup,2,40,1
22,Vaccination,1,25,1
23,Outpatient,4,60,3
19,Rehabilitation,2,75,12
25,Vaccination,1,25,2
21,Emergency,4,120,1
18,Routine Checkup,1,40,2
22,Rehabilitation,3,75,9
20,Vaccination,1,25,1
24,Outpatient,2,60,5
19,Rehabilitation,4,75,7
23,Routine Checkup,2,40,2
21,Vaccination,1,25,2
17,Emergency,6,120,1
25,Rehabilitation,2,75,6
18,Routine Checkup,1,40,3
22,Vaccination,1,25,1
20,Outpatient,3,60,3
24,Rehabilitation,3,75,10
19,Vaccination,1,25,2
21,Emergency,3,120,1
23,Routine Checkup,2,40,2
18,Rehabilitation,4,75,8
22,Vaccination,1,25,1
25,Outpatient,2,60,4
20,Rehabilitation,2,75,11
19,Routine Checkup,1,40,2
24,Vaccination,1,25,2
21,Emergency,5,120,1
18,Rehabilitation,3,75,9
23,Vaccination,1,25,1
22,Outpatient,3,60,3
25,Routine Checkup,2,40,2
20,Rehabilitation,4,75,7
19,Vaccination,1,25,2
21,Emergency,4,120,1
24,Rehabilitation,2,75,10
18,Routine Checkup,1,40,3
22,Vaccination,1,25,1
20,Outpatient,2,60,4
25,Rehabilitation,3,75,8
19,Vaccination,1,25,2
23,Emergency,6,120,1
21,Routine Checkup,2,40,2
18,Rehabilitation,4,75,12
22,Vaccination,1,25,1
24,Outpatient,3,60,3
20,Rehabilitation,2,75,6
19,Routine Checkup,1,40,2
25,Vaccination,1,25,2
21,Emergency,3,120,1
18,Rehabilitation,3,75,9
23,Vaccination,1,25,1
22,Outpatient,2,60,5
20,Routine Checkup,2,40,3
24,Rehabilitation,4,75,7
19,Vaccination,1,25,2
21,Emergency,5,120,1
25,Rehabilitation,2,75,10
18,Routine Checkup,1,40,2
22,Vaccination,1,25,1
20,Outpatient,3,60,4
24,Rehabilitation,3,75,8
19,Vaccination,1,25,2
23,Emergency,4,120,1
21,Routine Checkup,2,40,2
18,Rehabilitation,2,75,11
22,Vaccination,1,25,1
25,Outpatient,4,60,3
20,Rehabilitation,3,75,9
19,Routine Checkup,1,40,3
24,Vaccination,1,25,2
21,Emergency,6,120,1
18,Rehabilitation,4,75,6
23,Vaccination,1,25,1
22,Outpatient,2,60,4
20,Routine Checkup,2,40,2
25,Rehabilitation,2,75,10
19,Vaccination,1,25,2
21,Emergency,3,120,1
24,Rehabilitation,3,75,7
18,Routine Checkup,1,40,2
22,Vaccination,1,25,1
20,Outpatient,3,60,3
25,Rehabilitation,4,75,8
19,Vaccination,1,25,2
23,Emergency,5,120,1
21,Routine Checkup,2,40,3
18,Rehabilitation,2,75,12
22,Vaccination,1,25,1
24,Outpatient,2,60,5
20,Rehabilitation,3,75,9
19,Routine Checkup,1,40,2
25,Vaccination,1,25,2
21,Emergency,4,120,1
18,Rehabilitation,4,75,7
23,Vaccination,1,25,1
22,Outpatient,3,60,4
20,Routine Checkup,2,40,2
25,Rehabilitation,2,75,10
19,Vaccination,1,25,2
21,Emergency,5,120,1
24,Rehabilitation,3,75,8
18,Routine Checkup,1,40,3
22,Vaccination,1,25,1
